RowID,plevel,taxa_level,cols_or_rows,n,nodf,ses
755,'1','Genus','cols',49,0.21949559247544267,0.50690326839982702
756,'1','Genus','cols',49,0.20693204778874552,-0.41350338765096872
