EMPO_SUBSET,TAXONOMIC_LEVEL,NODF_NULL_MEAN,NODF_NULL_STDEV,NODF_OBSERVED
Animal,phylum,0.18528255229250745,0.00026593998643302459,0.8019298620934956
All,phylum,0.27714589706279102,9.0294138596686861e-05,0.8113271625792919
Nonsaline,phylum,0.35949055792247719,0.0001762047306322192,0.8075316519708052
Plant,phylum,0.35630309528461346,0.00042032370754794353,0.8717777383962663
Saline,phylum,0.3411468322854333,0.00023867468823978596,0.8060342566285451
